{
    "Bleu ": {
        "Precision": 13.990786588735071,
        "1g": 28.864001753873136,
        "2g": 15.396149574231766,
        "3g": 10.670868977937866,
        "4g": 8.079790066174793
    },
    "Bleu All": {
        "Precision": 18.448485030499654,
        "1g": 37.01220403390821,
        "2g": 20.30729359496483,
        "3g": 14.156536094852168,
        "4g": 10.886514033619838
    },
    "Rouge": {
        "Precision": 31.889137572507476,
        "Recall": 55.086207684571,
        "fmeasure": 33.580049522333844
    },
    "Bert": {
        "Precision": 87.54168923673683,
        "Recall": 90.73249829215044,
        "fmeasure": 89.03132862718411
    },
    "Aggregated Rouge": {
        "Precision": 33.60558235084498,
        "Recall": 33.60558235084498,
        "fmeasure": 33.60558235084498
    },
    "Rouge All": {
        "Precision": 34.34226324147865,
        "Recall": 56.366165598477856,
        "fmeasure": 37.24253917475689
    },
    "Bert All": {
        "Precision": 88.06082355743014,
        "Recall": 91.54394098333808,
        "fmeasure": 89.69999720763894
    }
}