{
    "precision": 0.583210295291301,
    "recall": 0.4223110494409377
}