{
    "precision": 0.561294559723331,
    "recall": 0.4195334366864799
}