{
    "Bleu ": {
        "Precision": 8.850919806334298,
        "1g": 25.79514149762084,
        "2g": 10.523305084745763,
        "3g": 5.9781439573204835,
        "4g": 3.7817879926592677
    },
    "Bleu All": {
        "Precision": 11.065799057761916,
        "1g": 32.79071708823775,
        "2g": 13.35593220338983,
        "3g": 7.367809663124382,
        "4g": 4.646945731014594
    },
    "Rouge": {
        "Precision": 28.81454072964483,
        "Recall": 44.57979148948436,
        "fmeasure": 28.769494685175488
    },
    "Bert": {
        "Precision": 87.55185690672039,
        "Recall": 89.20304600419945,
        "fmeasure": 88.29744691289338
    },
    "Aggregated Rouge": {
        "Precision": 28.817799817061672,
        "Recall": 28.817799817061672,
        "fmeasure": 28.817799817061672
    },
    "Rouge All": {
        "Precision": 30.414500456908556,
        "Recall": 46.08700919017345,
        "fmeasure": 31.585062741708548
    },
    "Bert All": {
        "Precision": 87.88725234276755,
        "Recall": 90.029594768359,
        "fmeasure": 88.87926176107129
    }
}