{
    "Bleu ": {
        "Precision": 0.11719878194439783,
        "1g": 0.33915806195393167,
        "2g": 0.14059450197422335,
        "3g": 0.07861844091540365,
        "4g": 0.050326587429060925
    },
    "Bleu All": {
        "Precision": 0.18011531405468872,
        "1g": 0.45878563233606917,
        "2g": 0.21430380689860687,
        "3g": 0.12620010868908882,
        "4g": 0.08482095054533217
    },
    "Rouge": {
        "Precision": 0.2862349524971388,
        "Recall": 0.2832826251722105,
        "fmeasure": 0.23951495545781373
    },
    "Bert": {
        "Precision": 0.8009989285519354,
        "Recall": 0.8022604759483901,
        "fmeasure": 0.8011893861404451
    },
    "Aggregated Rouge": {
        "Precision": 0.23912539565115548,
        "Recall": 0.23912539565115548,
        "fmeasure": 0.23912539565115548
    },
    "Rouge All": {
        "Precision": 0.3265822154696472,
        "Recall": 0.29086612271053347,
        "fmeasure": 0.27161584087924806
    },
    "Bert All": {
        "Precision": 0.8067857324448315,
        "Recall": 0.808465518528902,
        "fmeasure": 0.8072296420607386
    }
}