{
    "Bleu ": {
        "Precision": 9.935459365512521,
        "1g": 31.51240934193892,
        "2g": 12.14719302259849,
        "3g": 6.457541967896091,
        "4g": 3.9420944615087947
    },
    "Bleu All": {
        "Precision": 15.393000449488953,
        "1g": 43.179186905316385,
        "2g": 18.738307064888218,
        "3g": 10.36773815845008,
        "4g": 6.692745278990647
    },
    "Rouge": {
        "Precision": 23.25798407477846,
        "Recall": 28.33995916933135,
        "fmeasure": 22.029510851505936
    },
    "Bert": {
        "Precision": 77.1362531411497,
        "Recall": 77.88096658162426,
        "fmeasure": 77.47352761432592
    },
    "Aggregated Rouge": {
        "Precision": 22.024247237024415,
        "Recall": 22.024247237024415,
        "fmeasure": 22.024247237024415
    },
    "Rouge All": {
        "Precision": 26.28096204649568,
        "Recall": 28.61802818005553,
        "fmeasure": 24.580009086059896
    },
    "Bert All": {
        "Precision": 77.608881387781,
        "Recall": 78.49413982046305,
        "fmeasure": 78.01871179654125
    }
}