{
    "Bleu ": {
        "Precision": 9.609996085490549,
        "1g": 29.582164791082395,
        "2g": 11.7157712305026,
        "3g": 6.324330198133368,
        "4g": 3.891145509325331
    },
    "Bleu All": {
        "Precision": 15.040967812046036,
        "1g": 41.180020590010294,
        "2g": 18.234626187772665,
        "3g": 10.25077575069727,
        "4g": 6.64910162110733
    },
    "Rouge": {
        "Precision": 21.70447229504561,
        "Recall": 29.765260876653354,
        "fmeasure": 21.623145327595324
    },
    "Bert": {
        "Precision": 76.59723449356949,
        "Recall": 77.66615835800452,
        "fmeasure": 77.09059697666248
    },
    "Aggregated Rouge": {
        "Precision": 21.649394348875038,
        "Recall": 21.649394348875038,
        "fmeasure": 21.649394348875038
    },
    "Rouge All": {
        "Precision": 24.704784521983967,
        "Recall": 30.21956115707886,
        "fmeasure": 24.515151578584103
    },
    "Bert All": {
        "Precision": 77.13077985033205,
        "Recall": 78.28477920359197,
        "fmeasure": 77.671497393761
    }
}