{
    "Bleu ": {
        "Precision": 0.06574331165221824,
        "1g": 0.28533536278273325,
        "2g": 0.08990250853898528,
        "3g": 0.03866948619763388,
        "4g": 0.01883260929845642
    },
    "Bleu All": {
        "Precision": 0.10330986881583817,
        "1g": 0.39941354881310787,
        "2g": 0.1407971227578095,
        "3g": 0.06250214322455278,
        "4g": 0.03240826324059525
    },
    "Rouge": {
        "Precision": 0.19726208123596045,
        "Recall": 0.29129871573168165,
        "fmeasure": 0.21180824249253768
    },
    "Bert": {
        "Precision": 0.8474560071270174,
        "Recall": 0.8541641749032942,
        "fmeasure": 0.8505284760445985
    },
    "Aggregated Rouge": {
        "Precision": 0.21184148568793376,
        "Recall": 0.21184148568793376,
        "fmeasure": 0.21184148568793376
    },
    "Rouge All": {
        "Precision": 0.22609949311663052,
        "Recall": 0.2872560157879251,
        "fmeasure": 0.23644564692769113
    },
    "Bert All": {
        "Precision": 0.852378747759992,
        "Recall": 0.8597040381361161,
        "fmeasure": 0.8557871038149177
    }
}