{
    "Bleu ": {
        "Precision": 20.552452366324346,
        "1g": 36.87038677295541,
        "2g": 22.71955918465132,
        "3g": 16.59814068417961,
        "4g": 12.832685944468421
    },
    "Bleu All": {
        "Precision": 28.2267260276938,
        "1g": 48.84755437456943,
        "2g": 31.170516480664418,
        "3g": 23.05511109310757,
        "4g": 18.08372895986189
    },
    "Rouge": {
        "Precision": 39.61858191940713,
        "Recall": 62.75184227716404,
        "fmeasure": 42.01585918018039
    },
    "Bert": {
        "Precision": 89.4324373682784,
        "Recall": 92.51660759555561,
        "fmeasure": 90.86987693383041
    },
    "Aggregated Rouge": {
        "Precision": 41.94424964574684,
        "Recall": 41.94424964574684,
        "fmeasure": 41.94424964574684
    },
    "Rouge All": {
        "Precision": 44.00828098972093,
        "Recall": 63.815476551443275,
        "fmeasure": 46.72269145791309
    },
    "Bert All": {
        "Precision": 90.20608144099485,
        "Recall": 93.36836633569035,
        "fmeasure": 91.69278174805243
    }
}