{
    "Bleu ": {
        "Precision": 0.03332895442440044,
        "1g": 0.4992401215805471,
        "2g": 0.18039632825119173,
        "3g": 0.08434917777959584,
        "4g": 0.04330256497511591
    },
    "Bleu All": {
        "Precision": 0.0686097027855598,
        "1g": 0.6167553191489362,
        "2g": 0.2646259307410472,
        "3g": 0.13327333715127218,
        "4g": 0.07261048959972777
    },
    "Rouge": {
        "Precision": 0.4244703533319938,
        "Recall": 0.18557788616640136,
        "fmeasure": 0.23647116226457976
    },
    "Bert": {
        "Precision": 0.8786998787886986,
        "Recall": 0.840220045691301,
        "fmeasure": 0.8587506551782793
    },
    "Aggregated Rouge": {
        "Precision": 0.23656726717422666,
        "Recall": 0.23656726717422666,
        "fmeasure": 0.23656726717422666
    },
    "Rouge All": {
        "Precision": 0.45413881089578984,
        "Recall": 0.20113590710020535,
        "fmeasure": 0.25965272142474216
    },
    "Bert All": {
        "Precision": 0.882717199843644,
        "Recall": 0.8464890612831598,
        "fmeasure": 0.8639620821058499
    }
}