{
    "Bleu ": {
        "Precision": 1.724365023919693e-06,
        "1g": 0.450965250965251,
        "2g": 0.16776937618147447,
        "3g": 0.07759372275501308,
        "4g": 0.039202433254477864
    },
    "Bleu All": {
        "Precision": 1.291942702218754e-05,
        "1g": 0.5308880308880309,
        "2g": 0.23180529300567107,
        "3g": 0.11508282476024412,
        "4g": 0.06285907401149037
    },
    "Rouge": {
        "Precision": 0.4031345019152556,
        "Recall": 0.03967926737798694,
        "fmeasure": 0.06362695639968632
    },
    "Bert": {
        "Precision": 0.8316867553986578,
        "Recall": 0.7859936403700069,
        "fmeasure": 0.8076596194052998
    },
    "Aggregated Rouge": {
        "Precision": 0.0636032713422478,
        "Recall": 0.0636032713422478,
        "fmeasure": 0.0636032713422478
    },
    "Rouge All": {
        "Precision": 0.4267015708730929,
        "Recall": 0.04403595992464507,
        "fmeasure": 0.07140143618099555
    },
    "Bert All": {
        "Precision": 0.8348870774738899,
        "Recall": 0.789841832553787,
        "fmeasure": 0.8112092609143962
    }
}