{
    "Bleu ": {
        "Precision": 11.475821861599286,
        "1g": 33.96819583066264,
        "2g": 13.731953019822662,
        "3g": 7.667922159447584,
        "4g": 4.849005842367512
    },
    "Bleu All": {
        "Precision": 17.35528024097341,
        "1g": 45.67194701339926,
        "2g": 20.72017702675518,
        "3g": 12.022912743251727,
        "4g": 7.973956094687744
    },
    "Rouge": {
        "Precision": 30.837186979880403,
        "Recall": 27.945079472688093,
        "fmeasure": 24.623571791602988
    },
    "Bert": {
        "Precision": 82.90358254929635,
        "Recall": 82.78440162853853,
        "fmeasure": 82.7959117632878
    },
    "Aggregated Rouge": {
        "Precision": 24.623712168194224,
        "Recall": 24.623712168194224,
        "fmeasure": 24.623712168194224
    },
    "Rouge All": {
        "Precision": 34.65936535050546,
        "Recall": 28.958669894136836,
        "fmeasure": 27.61865482558679
    },
    "Bert All": {
        "Precision": 83.49805592484614,
        "Recall": 83.39836190647215,
        "fmeasure": 83.40315180614527
    }
}